1,024tNToHxr8,B_3_3_3_ViboradePlastico.mp4,B,3,3,3
2,-VdeJQy8x7o,B_3_3_2_Flauta.mp4,B,3,3,2
3,8XDgzYdQKWg,B_3_3_1_Maracas.mp4,B,3,3,1
4,pCe8D4WbJ-c,B_3_3_0_Motocicleta.mp4,B,3,3,0
5,kjxpjV_FXCU,B_3_2_3_Almohada.mp4,B,3,2,3
6,Yc2xwqaAJiI,B_3_2_2_EspadaMedieval.mp4,B,3,2,2
7,Vp6P5TKvojs,B_3_2_1_SableLaser.mp4,B,3,2,1
8,FxiDV7vFC8w,B_3_2_0_Palitobuscaagua.mp4,B,3,2,0
9,fepVnCBs5v4,B_3_1_3_Timbre_04.mp4,B,3,1,3
10,wUVHZMjH4dg,B_3_1_2_Llave.mp4,B,3,1,2
11,Fydjy59sHiU,B_3_1_1_Soplete.mp4,B,3,1,1
12,_eQ_rWqUS8o,B_3_1_0_Sombrilla.mp4,B,3,1,0
13,9s98iS3xNdE,B_3_0_0_Aspiradora_03.mp4,B,3,0,0
14,QbcR3-zg6BU,B_2_3_3_Tambor.mp4,B,2,3,3
15,gel1nz7V5c0,B_2_3_2_BarradePesas.mp4,B,2,3,2
16,mSRy2xN0nGM,B_2_3_1_ToroMecanico.mp4,B,2,3,1
17,K_dwu-j4qbQ,B_2_3_0_CirculodeHipnosis.mp4,B,2,3,0
18,-lQ46OCuiuk,B_2_2_3_Escalera.mp4,B,2,2,3
19,c4vviyWfkyA,B_2_2_2_Puerta.mp4,B,2,2,2
20,OerT9EOV5cs,B_2_2_1_Chile.mp4,B,2,2,1
21,MyXQS1H8tv4,B_2_2_0_CamaraFoto.mp4,B,2,2,0
22,v_ORSLoFmqE,B_2_1_3_Hueso.mp4,B,2,1,3
23,IskCIjMSAHE,B_2_1_2_Lanza.mp4,B,2,1,2
24,bF_f4QybzW8,B_2_1_1_Caracol.mp4,B,2,1,1
25,4VX84pVIfdM,B_2_1_0_Mascara.mp4,B,2,1,0
26,j8kFoFkSjqo,B_2_0_0_TabladeSurf.mp4,B,2,0,0
27,Tp88MyJr7Sw,B_1_3_3_MaquinaDemoledora.mp4,B,1,3,3
28,TQLs2DlQwgw,B_1_3_2_Catapulta.mp4,B,1,3,2
29,defE9o9cb7I,B_1_3_1_VaritaMagica.mp4,B,1,3,1
30,Rrh7IhE0i50,B_1_3_0_Canadepescar.mp4,B,1,3,0
31,MHhlWXgjC5Y,B_1_2_3_Patadepalo.mp4,B,1,2,3
32,vAN_my2Lv-o,B_1_2_2_Submarino.mp4,B,1,2,2
33,x_JO6cf6fgg,B_1_2_1_Chupon.mp4,B,1,2,1
34,Mqs2Nb1Jv6s,B_1_2_0_Ancla.mp4,B,1,2,0
35,DwGYJwxADw0,B_1_1_3_Calcetin.mp4,B,1,1,3
36,xBfsrp2KQ4c,B_1_1_2_Ratonera.mp4,B,1,1,2
37,Mr7p30yZ_c0,B_1_1_1_Espantasuegras.mp4,B,1,1,1
38,7rgclIacX2k,B_1_1_0_Ventilador.mp4,B,1,1,0
39,qH6_eFhEyYc,B_1_0_0_Capadetorero.mp4,B,1,0,0
40,6Wgp_wLF9Cg,Entrada.mp4,E
41,4o6l6wG63LM,B_SinSalsita.mp4,B
42,SZtgYy3Cego,A_ConSalsita.mp4,A
43,EAYOBtSKOls,A_3_3_3_Patines.mp4,A,3,3,3
44,B0P92HnEtsc,A_3_3_2_Arma.mp4,A,3,3,2
45,QSs1bmPVtZ8,A_3_3_1_Brocha.mp4,A,3,3,1
46,JDTqAuDAFoQ,A_3_3_0_ControlRemoto.mp4,A,3,3,0
47,LB1UC5ggIl8,A_3_2_3_Cuerda.mp4,A,3,2,3
48,IwNs3_a4kj0,A_3_2_2_Globo.mp4,A,3,2,2
49,o8AQyrjZYnw,A_3_2_1_Podadora.mp4,A,3,2,1
50,JVeeH7Xu3rw,A_3_2_0_Regadera.mp4,A,3,2,0
51,rrYa8O65W4w,A_3_1_3_CanÌƒon.mp4,A,3,1,3
52,CNQD_ORJ_Rg,A_3_1_2_Penacho.mp4,A,3,1,2
53,gGaHIgUDEr8,A_3_1_1_BombadeAire.mp4,A,3,1,1
54,ZWq091lH6hk,A_3_1_0_Iman.mp4,A,3,1,0
55,FbME1rvJtzg,A_3_0_0_Capa.mp4,A,3,0,0
56,A4SllY2bjkw,A_2_3_3_Abanico.mp4,A,2,3,3
57,vlw7sAIVFEo,A_2_3_2_DragonChino.mp4,A,2,3,2
58,ivzcBy2eJFQ,A_2_3_1_Chacos.mp4,A,2,3,1
59,jEYyEcOEG5Q,A_2_3_0_Pala.mp4,A,2,3,0
60,yVNHbrYB-SQ,A_2_2_3_Paracaidas.mp4,A,2,2,3
61,Yy2xI9t_ZeU,A_2_2_2_Trampolin.mp4,A,2,2,2
62,xm1aJQtg-nc,A_2_2_1_SnowBoard.mp4,A,2,2,1
63,rFQVkdIJLmw,A_2_2_0_Cerillo.mp4,A,2,2,0
64,ON24Q0jJtnw,A_2_1_3_AviondePapell.mp4,A,2,1,3
65,LNBKc-4DZp4,A_2_1_2_Nube.mp4,A,2,1,2
66,6fGkDCSA0mc,A_2_1_1_Papalote.mp4,A,2,1,1
67,RaAJtxZodl8,A_2_1_0_Motosierra.mp4,A,2,1,0
68,SztQRTovpHU,A_2_0_0_Arbol.mp4,A,2,0,0
69,lj7k9oLVJKM,A_1_3_3_Guitarra.mp4,A,1,3,3
70,P7JJIdutl_o,A_1_3_2_Bocina.mp4,A,1,3,2
71,JnKGFk4R22Q,A_1_3_1_TomadeAgua.mp4,A,1,3,1
72,_x5FLZG-tps,A_1_3_0_Bicicleta.mp4,A,1,3,0
73,_UNfkidUfI0,A_1_2_3_Cerbatana.mp4,A,1,2,3
74,QfLL1G5xx88,A_1_2_2_Boomerang.mp4,A,1,2,2
75,AUykGsPFnoQ,A_1_2_1_Resortera.mp4,A,1,2,1
76,5sz4E-KhCA4,A_1_2_0_Scooter.mp4,A,1,2,0
77,zq8VkpzibZQ,A_1_1_3_Mazo.mp4,A,1,1,3
78,1OAea7eMOGQ,A_1_1_2_FuegoArtificial.mp4,A,1,1,2
79,hHfumhyy2C4,A_1_1_1_Dinamita.mp4,A,1,1,1
80,0CYfsMarN0A,A_1_1_0_Patineta.mp4,A,1,1,0
81,TS4HrQOViYo,A_1_0_0_Cohete.mp4,A,1,0,0
